,acc,pre,rec,f1,confmat
0,0.29375,0.22276232062390694,0.24588014154244997,0.1530944545650428,"[[379  36   1  14]
 [398  33   0  10]
 [151  11   0   4]
 [358  25   9  11]]"
